program,source_page,source_sha256,source_recovery,translation,numeric_qa,korean_review,visual_qa,target_pages,reviewer,notes
dynasty,1,382273d01e11eee2658577480a11b9f281aaf939d7f5ead5d029c935818470d5,needs_recovery,not_started,not_started,not_started,not_started,,,
dynasty,2,382273d01e11eee2658577480a11b9f281aaf939d7f5ead5d029c935818470d5,needs_recovery,not_started,not_started,not_started,not_started,,,
dynasty,3,382273d01e11eee2658577480a11b9f281aaf939d7f5ead5d029c935818470d5,needs_review,not_started,not_started,not_started,not_started,,,
dynasty,4,382273d01e11eee2658577480a11b9f281aaf939d7f5ead5d029c935818470d5,needs_review,not_started,not_started,not_started,not_started,,,
dynasty,5,382273d01e11eee2658577480a11b9f281aaf939d7f5ead5d029c935818470d5,needs_review,not_started,not_started,not_started,not_started,,,
dynasty,6,382273d01e11eee2658577480a11b9f281aaf939d7f5ead5d029c935818470d5,needs_review,not_started,not_started,not_started,not_started,,,
dynasty,7,382273d01e11eee2658577480a11b9f281aaf939d7f5ead5d029c935818470d5,needs_review,not_started,not_started,not_started,not_started,,,
dynasty,8,382273d01e11eee2658577480a11b9f281aaf939d7f5ead5d029c935818470d5,needs_review,not_started,not_started,not_started,not_started,,,
dynasty,9,382273d01e11eee2658577480a11b9f281aaf939d7f5ead5d029c935818470d5,needs_review,not_started,not_started,not_started,not_started,,,
dynasty,10,382273d01e11eee2658577480a11b9f281aaf939d7f5ead5d029c935818470d5,needs_review,not_started,not_started,not_started,not_started,,,
dynasty,11,382273d01e11eee2658577480a11b9f281aaf939d7f5ead5d029c935818470d5,needs_review,not_started,not_started,not_started,not_started,,,
dynasty,12,382273d01e11eee2658577480a11b9f281aaf939d7f5ead5d029c935818470d5,needs_review,not_started,not_started,not_started,not_started,,,
dynasty,13,382273d01e11eee2658577480a11b9f281aaf939d7f5ead5d029c935818470d5,needs_review,not_started,not_started,not_started,not_started,,,
dynasty,14,382273d01e11eee2658577480a11b9f281aaf939d7f5ead5d029c935818470d5,needs_review,not_started,not_started,not_started,not_started,,,
dynasty,15,382273d01e11eee2658577480a11b9f281aaf939d7f5ead5d029c935818470d5,needs_review,not_started,not_started,not_started,not_started,,,
dynasty,16,382273d01e11eee2658577480a11b9f281aaf939d7f5ead5d029c935818470d5,needs_review,not_started,not_started,not_started,not_started,,,
dynasty,17,382273d01e11eee2658577480a11b9f281aaf939d7f5ead5d029c935818470d5,needs_review,not_started,not_started,not_started,not_started,,,
dynasty,18,382273d01e11eee2658577480a11b9f281aaf939d7f5ead5d029c935818470d5,needs_review,not_started,not_started,not_started,not_started,,,
dynasty,19,382273d01e11eee2658577480a11b9f281aaf939d7f5ead5d029c935818470d5,needs_review,not_started,not_started,not_started,not_started,,,
dynasty,20,382273d01e11eee2658577480a11b9f281aaf939d7f5ead5d029c935818470d5,needs_review,not_started,not_started,not_started,not_started,,,
dynasty,21,382273d01e11eee2658577480a11b9f281aaf939d7f5ead5d029c935818470d5,needs_review,not_started,not_started,not_started,not_started,,,
dynasty,22,382273d01e11eee2658577480a11b9f281aaf939d7f5ead5d029c935818470d5,needs_review,not_started,not_started,not_started,not_started,,,
dynasty,23,382273d01e11eee2658577480a11b9f281aaf939d7f5ead5d029c935818470d5,needs_review,not_started,not_started,not_started,not_started,,,
dynasty,24,382273d01e11eee2658577480a11b9f281aaf939d7f5ead5d029c935818470d5,needs_review,not_started,not_started,not_started,not_started,,,
dynasty,25,382273d01e11eee2658577480a11b9f281aaf939d7f5ead5d029c935818470d5,needs_review,not_started,not_started,not_started,not_started,,,
dynasty,26,382273d01e11eee2658577480a11b9f281aaf939d7f5ead5d029c935818470d5,needs_review,not_started,not_started,not_started,not_started,,,
dynasty,27,382273d01e11eee2658577480a11b9f281aaf939d7f5ead5d029c935818470d5,needs_review,not_started,not_started,not_started,not_started,,,
dynasty,28,382273d01e11eee2658577480a11b9f281aaf939d7f5ead5d029c935818470d5,needs_review,not_started,not_started,not_started,not_started,,,
dynasty,29,382273d01e11eee2658577480a11b9f281aaf939d7f5ead5d029c935818470d5,needs_review,not_started,not_started,not_started,not_started,,,
dynasty,30,382273d01e11eee2658577480a11b9f281aaf939d7f5ead5d029c935818470d5,needs_review,not_started,not_started,not_started,not_started,,,
dynasty,31,382273d01e11eee2658577480a11b9f281aaf939d7f5ead5d029c935818470d5,needs_review,not_started,not_started,not_started,not_started,,,
dynasty,32,382273d01e11eee2658577480a11b9f281aaf939d7f5ead5d029c935818470d5,needs_review,not_started,not_started,not_started,not_started,,,
dynasty,33,382273d01e11eee2658577480a11b9f281aaf939d7f5ead5d029c935818470d5,needs_review,not_started,not_started,not_started,not_started,,,
dynasty,34,382273d01e11eee2658577480a11b9f281aaf939d7f5ead5d029c935818470d5,needs_review,not_started,not_started,not_started,not_started,,,
dynasty,35,382273d01e11eee2658577480a11b9f281aaf939d7f5ead5d029c935818470d5,needs_review,not_started,not_started,not_started,not_started,,,
dynasty,36,382273d01e11eee2658577480a11b9f281aaf939d7f5ead5d029c935818470d5,needs_review,not_started,not_started,not_started,not_started,,,
dynasty,37,382273d01e11eee2658577480a11b9f281aaf939d7f5ead5d029c935818470d5,needs_review,not_started,not_started,not_started,not_started,,,
dynasty,38,382273d01e11eee2658577480a11b9f281aaf939d7f5ead5d029c935818470d5,needs_review,not_started,not_started,not_started,not_started,,,
dynasty,39,382273d01e11eee2658577480a11b9f281aaf939d7f5ead5d029c935818470d5,needs_review,not_started,not_started,not_started,not_started,,,
dynasty,40,382273d01e11eee2658577480a11b9f281aaf939d7f5ead5d029c935818470d5,needs_review,not_started,not_started,not_started,not_started,,,
dynasty,41,382273d01e11eee2658577480a11b9f281aaf939d7f5ead5d029c935818470d5,needs_review,not_started,not_started,not_started,not_started,,,
dynasty,42,382273d01e11eee2658577480a11b9f281aaf939d7f5ead5d029c935818470d5,needs_review,not_started,not_started,not_started,not_started,,,
dynasty,43,382273d01e11eee2658577480a11b9f281aaf939d7f5ead5d029c935818470d5,needs_review,not_started,not_started,not_started,not_started,,,
dynasty,44,382273d01e11eee2658577480a11b9f281aaf939d7f5ead5d029c935818470d5,needs_review,not_started,not_started,not_started,not_started,,,
dynasty,45,382273d01e11eee2658577480a11b9f281aaf939d7f5ead5d029c935818470d5,needs_review,not_started,not_started,not_started,not_started,,,
dynasty,46,382273d01e11eee2658577480a11b9f281aaf939d7f5ead5d029c935818470d5,needs_review,not_started,not_started,not_started,not_started,,,
dynasty,47,382273d01e11eee2658577480a11b9f281aaf939d7f5ead5d029c935818470d5,needs_review,not_started,not_started,not_started,not_started,,,
dynasty,48,382273d01e11eee2658577480a11b9f281aaf939d7f5ead5d029c935818470d5,needs_review,not_started,not_started,not_started,not_started,,,
dynasty,49,382273d01e11eee2658577480a11b9f281aaf939d7f5ead5d029c935818470d5,needs_review,not_started,not_started,not_started,not_started,,,
dynasty,50,382273d01e11eee2658577480a11b9f281aaf939d7f5ead5d029c935818470d5,needs_review,not_started,not_started,not_started,not_started,,,
dynasty,51,382273d01e11eee2658577480a11b9f281aaf939d7f5ead5d029c935818470d5,needs_review,not_started,not_started,not_started,not_started,,,
dynasty,52,382273d01e11eee2658577480a11b9f281aaf939d7f5ead5d029c935818470d5,needs_review,not_started,not_started,not_started,not_started,,,
dynasty,53,382273d01e11eee2658577480a11b9f281aaf939d7f5ead5d029c935818470d5,needs_review,not_started,not_started,not_started,not_started,,,
dynasty,54,382273d01e11eee2658577480a11b9f281aaf939d7f5ead5d029c935818470d5,needs_review,not_started,not_started,not_started,not_started,,,
dynasty,55,382273d01e11eee2658577480a11b9f281aaf939d7f5ead5d029c935818470d5,needs_review,not_started,not_started,not_started,not_started,,,
dynasty,56,382273d01e11eee2658577480a11b9f281aaf939d7f5ead5d029c935818470d5,needs_review,not_started,not_started,not_started,not_started,,,
dynasty,57,382273d01e11eee2658577480a11b9f281aaf939d7f5ead5d029c935818470d5,needs_review,not_started,not_started,not_started,not_started,,,
dynasty,58,382273d01e11eee2658577480a11b9f281aaf939d7f5ead5d029c935818470d5,needs_review,not_started,not_started,not_started,not_started,,,
dynasty,59,382273d01e11eee2658577480a11b9f281aaf939d7f5ead5d029c935818470d5,needs_review,not_started,not_started,not_started,not_started,,,
dynasty,60,382273d01e11eee2658577480a11b9f281aaf939d7f5ead5d029c935818470d5,needs_review,not_started,not_started,not_started,not_started,,,
dynasty,61,382273d01e11eee2658577480a11b9f281aaf939d7f5ead5d029c935818470d5,needs_review,not_started,not_started,not_started,not_started,,,
dynasty,62,382273d01e11eee2658577480a11b9f281aaf939d7f5ead5d029c935818470d5,needs_review,not_started,not_started,not_started,not_started,,,
dynasty,63,382273d01e11eee2658577480a11b9f281aaf939d7f5ead5d029c935818470d5,needs_review,not_started,not_started,not_started,not_started,,,
dynasty,64,382273d01e11eee2658577480a11b9f281aaf939d7f5ead5d029c935818470d5,needs_review,not_started,not_started,not_started,not_started,,,
dynasty,65,382273d01e11eee2658577480a11b9f281aaf939d7f5ead5d029c935818470d5,needs_review,not_started,not_started,not_started,not_started,,,
dynasty,66,382273d01e11eee2658577480a11b9f281aaf939d7f5ead5d029c935818470d5,needs_review,not_started,not_started,not_started,not_started,,,
dynasty,67,382273d01e11eee2658577480a11b9f281aaf939d7f5ead5d029c935818470d5,needs_review,not_started,not_started,not_started,not_started,,,
dynasty,68,382273d01e11eee2658577480a11b9f281aaf939d7f5ead5d029c935818470d5,needs_review,not_started,not_started,not_started,not_started,,,
dynasty,69,382273d01e11eee2658577480a11b9f281aaf939d7f5ead5d029c935818470d5,needs_review,not_started,not_started,not_started,not_started,,,
dynasty,70,382273d01e11eee2658577480a11b9f281aaf939d7f5ead5d029c935818470d5,needs_review,not_started,not_started,not_started,not_started,,,
dynasty,71,382273d01e11eee2658577480a11b9f281aaf939d7f5ead5d029c935818470d5,needs_review,not_started,not_started,not_started,not_started,,,
dynasty,72,382273d01e11eee2658577480a11b9f281aaf939d7f5ead5d029c935818470d5,needs_review,not_started,not_started,not_started,not_started,,,
dynasty,73,382273d01e11eee2658577480a11b9f281aaf939d7f5ead5d029c935818470d5,needs_review,not_started,not_started,not_started,not_started,,,
dynasty,74,382273d01e11eee2658577480a11b9f281aaf939d7f5ead5d029c935818470d5,needs_review,not_started,not_started,not_started,not_started,,,
dynasty,75,382273d01e11eee2658577480a11b9f281aaf939d7f5ead5d029c935818470d5,needs_review,not_started,not_started,not_started,not_started,,,
dynasty,76,382273d01e11eee2658577480a11b9f281aaf939d7f5ead5d029c935818470d5,needs_review,not_started,not_started,not_started,not_started,,,
dynasty,77,382273d01e11eee2658577480a11b9f281aaf939d7f5ead5d029c935818470d5,needs_review,not_started,not_started,not_started,not_started,,,
dynasty,78,382273d01e11eee2658577480a11b9f281aaf939d7f5ead5d029c935818470d5,needs_review,not_started,not_started,not_started,not_started,,,
dynasty,79,382273d01e11eee2658577480a11b9f281aaf939d7f5ead5d029c935818470d5,needs_review,not_started,not_started,not_started,not_started,,,
dynasty,80,382273d01e11eee2658577480a11b9f281aaf939d7f5ead5d029c935818470d5,needs_review,not_started,not_started,not_started,not_started,,,
dynasty,81,382273d01e11eee2658577480a11b9f281aaf939d7f5ead5d029c935818470d5,needs_review,not_started,not_started,not_started,not_started,,,
dynasty,82,382273d01e11eee2658577480a11b9f281aaf939d7f5ead5d029c935818470d5,needs_review,not_started,not_started,not_started,not_started,,,
dynasty,83,382273d01e11eee2658577480a11b9f281aaf939d7f5ead5d029c935818470d5,needs_review,not_started,not_started,not_started,not_started,,,
dynasty,84,382273d01e11eee2658577480a11b9f281aaf939d7f5ead5d029c935818470d5,needs_review,not_started,not_started,not_started,not_started,,,
dynasty,85,382273d01e11eee2658577480a11b9f281aaf939d7f5ead5d029c935818470d5,needs_review,not_started,not_started,not_started,not_started,,,
dynasty,86,382273d01e11eee2658577480a11b9f281aaf939d7f5ead5d029c935818470d5,needs_review,not_started,not_started,not_started,not_started,,,
dynasty,87,382273d01e11eee2658577480a11b9f281aaf939d7f5ead5d029c935818470d5,needs_review,not_started,not_started,not_started,not_started,,,
dynasty,88,382273d01e11eee2658577480a11b9f281aaf939d7f5ead5d029c935818470d5,needs_review,not_started,not_started,not_started,not_started,,,
dynasty,89,382273d01e11eee2658577480a11b9f281aaf939d7f5ead5d029c935818470d5,needs_review,not_started,not_started,not_started,not_started,,,
dynasty,90,382273d01e11eee2658577480a11b9f281aaf939d7f5ead5d029c935818470d5,needs_review,not_started,not_started,not_started,not_started,,,
dynasty,91,382273d01e11eee2658577480a11b9f281aaf939d7f5ead5d029c935818470d5,needs_review,not_started,not_started,not_started,not_started,,,
dynasty,92,382273d01e11eee2658577480a11b9f281aaf939d7f5ead5d029c935818470d5,needs_review,not_started,not_started,not_started,not_started,,,
dynasty,93,382273d01e11eee2658577480a11b9f281aaf939d7f5ead5d029c935818470d5,needs_review,not_started,not_started,not_started,not_started,,,
hell-joseon,1,f28bb9c1255bb184a73beba40d720f5daa721aad039ac206f4332042dd0c8a7a,needs_recovery,not_started,not_started,not_started,not_started,,,
hell-joseon,2,f28bb9c1255bb184a73beba40d720f5daa721aad039ac206f4332042dd0c8a7a,needs_review,not_started,not_started,not_started,not_started,,,
hell-joseon,3,f28bb9c1255bb184a73beba40d720f5daa721aad039ac206f4332042dd0c8a7a,needs_review,not_started,not_started,not_started,not_started,,,
hell-joseon,4,f28bb9c1255bb184a73beba40d720f5daa721aad039ac206f4332042dd0c8a7a,needs_review,not_started,not_started,not_started,not_started,,,
hell-joseon,5,f28bb9c1255bb184a73beba40d720f5daa721aad039ac206f4332042dd0c8a7a,needs_review,not_started,not_started,not_started,not_started,,,
hell-joseon,6,f28bb9c1255bb184a73beba40d720f5daa721aad039ac206f4332042dd0c8a7a,needs_review,not_started,not_started,not_started,not_started,,,
hell-joseon,7,f28bb9c1255bb184a73beba40d720f5daa721aad039ac206f4332042dd0c8a7a,needs_review,not_started,not_started,not_started,not_started,,,
hell-joseon,8,f28bb9c1255bb184a73beba40d720f5daa721aad039ac206f4332042dd0c8a7a,needs_review,not_started,not_started,not_started,not_started,,,
hell-joseon,9,f28bb9c1255bb184a73beba40d720f5daa721aad039ac206f4332042dd0c8a7a,needs_review,not_started,not_started,not_started,not_started,,,
hell-joseon,10,f28bb9c1255bb184a73beba40d720f5daa721aad039ac206f4332042dd0c8a7a,needs_review,not_started,not_started,not_started,not_started,,,
hell-joseon,11,f28bb9c1255bb184a73beba40d720f5daa721aad039ac206f4332042dd0c8a7a,needs_review,not_started,not_started,not_started,not_started,,,
hell-joseon,12,f28bb9c1255bb184a73beba40d720f5daa721aad039ac206f4332042dd0c8a7a,needs_review,not_started,not_started,not_started,not_started,,,
hell-joseon,13,f28bb9c1255bb184a73beba40d720f5daa721aad039ac206f4332042dd0c8a7a,needs_review,not_started,not_started,not_started,not_started,,,
hell-joseon,14,f28bb9c1255bb184a73beba40d720f5daa721aad039ac206f4332042dd0c8a7a,needs_review,not_started,not_started,not_started,not_started,,,
hell-joseon,15,f28bb9c1255bb184a73beba40d720f5daa721aad039ac206f4332042dd0c8a7a,needs_review,not_started,not_started,not_started,not_started,,,
hell-joseon,16,f28bb9c1255bb184a73beba40d720f5daa721aad039ac206f4332042dd0c8a7a,needs_review,not_started,not_started,not_started,not_started,,,
hell-joseon,17,f28bb9c1255bb184a73beba40d720f5daa721aad039ac206f4332042dd0c8a7a,needs_review,not_started,not_started,not_started,not_started,,,
hell-joseon,18,f28bb9c1255bb184a73beba40d720f5daa721aad039ac206f4332042dd0c8a7a,needs_review,not_started,not_started,not_started,not_started,,,
hell-joseon,19,f28bb9c1255bb184a73beba40d720f5daa721aad039ac206f4332042dd0c8a7a,needs_review,not_started,not_started,not_started,not_started,,,
hell-joseon,20,f28bb9c1255bb184a73beba40d720f5daa721aad039ac206f4332042dd0c8a7a,needs_review,not_started,not_started,not_started,not_started,,,
hell-joseon,21,f28bb9c1255bb184a73beba40d720f5daa721aad039ac206f4332042dd0c8a7a,needs_review,not_started,not_started,not_started,not_started,,,
hell-joseon,22,f28bb9c1255bb184a73beba40d720f5daa721aad039ac206f4332042dd0c8a7a,needs_review,not_started,not_started,not_started,not_started,,,
hell-joseon,23,f28bb9c1255bb184a73beba40d720f5daa721aad039ac206f4332042dd0c8a7a,needs_review,not_started,not_started,not_started,not_started,,,
hell-joseon,24,f28bb9c1255bb184a73beba40d720f5daa721aad039ac206f4332042dd0c8a7a,needs_review,not_started,not_started,not_started,not_started,,,
hell-joseon,25,f28bb9c1255bb184a73beba40d720f5daa721aad039ac206f4332042dd0c8a7a,needs_review,not_started,not_started,not_started,not_started,,,
hell-joseon,26,f28bb9c1255bb184a73beba40d720f5daa721aad039ac206f4332042dd0c8a7a,needs_review,not_started,not_started,not_started,not_started,,,
hell-joseon,27,f28bb9c1255bb184a73beba40d720f5daa721aad039ac206f4332042dd0c8a7a,needs_review,not_started,not_started,not_started,not_started,,,
hell-joseon,28,f28bb9c1255bb184a73beba40d720f5daa721aad039ac206f4332042dd0c8a7a,needs_review,not_started,not_started,not_started,not_started,,,
hell-joseon,29,f28bb9c1255bb184a73beba40d720f5daa721aad039ac206f4332042dd0c8a7a,needs_review,not_started,not_started,not_started,not_started,,,
hell-joseon,30,f28bb9c1255bb184a73beba40d720f5daa721aad039ac206f4332042dd0c8a7a,needs_review,not_started,not_started,not_started,not_started,,,
hell-joseon,31,f28bb9c1255bb184a73beba40d720f5daa721aad039ac206f4332042dd0c8a7a,needs_review,not_started,not_started,not_started,not_started,,,
hell-joseon,32,f28bb9c1255bb184a73beba40d720f5daa721aad039ac206f4332042dd0c8a7a,needs_review,not_started,not_started,not_started,not_started,,,
hell-joseon,33,f28bb9c1255bb184a73beba40d720f5daa721aad039ac206f4332042dd0c8a7a,needs_review,not_started,not_started,not_started,not_started,,,
lotus,1,7d4f1535dc35e8d964b8b1358c3e4daefe27da298ba8085f6805fc00324cd784,needs_recovery,not_started,not_started,not_started,not_started,,,
lotus,2,7d4f1535dc35e8d964b8b1358c3e4daefe27da298ba8085f6805fc00324cd784,needs_review,not_started,not_started,not_started,not_started,,,
lotus,3,7d4f1535dc35e8d964b8b1358c3e4daefe27da298ba8085f6805fc00324cd784,needs_review,not_started,not_started,not_started,not_started,,,
lotus,4,7d4f1535dc35e8d964b8b1358c3e4daefe27da298ba8085f6805fc00324cd784,needs_review,not_started,not_started,not_started,not_started,,,
lotus,5,7d4f1535dc35e8d964b8b1358c3e4daefe27da298ba8085f6805fc00324cd784,needs_review,not_started,not_started,not_started,not_started,,,
lotus,6,7d4f1535dc35e8d964b8b1358c3e4daefe27da298ba8085f6805fc00324cd784,needs_review,not_started,not_started,not_started,not_started,,,
lotus,7,7d4f1535dc35e8d964b8b1358c3e4daefe27da298ba8085f6805fc00324cd784,needs_review,not_started,not_started,not_started,not_started,,,
lotus,8,7d4f1535dc35e8d964b8b1358c3e4daefe27da298ba8085f6805fc00324cd784,needs_review,not_started,not_started,not_started,not_started,,,
lotus,9,7d4f1535dc35e8d964b8b1358c3e4daefe27da298ba8085f6805fc00324cd784,needs_review,not_started,not_started,not_started,not_started,,,
lotus,10,7d4f1535dc35e8d964b8b1358c3e4daefe27da298ba8085f6805fc00324cd784,needs_review,not_started,not_started,not_started,not_started,,,
lotus,11,7d4f1535dc35e8d964b8b1358c3e4daefe27da298ba8085f6805fc00324cd784,needs_review,not_started,not_started,not_started,not_started,,,
lotus,12,7d4f1535dc35e8d964b8b1358c3e4daefe27da298ba8085f6805fc00324cd784,needs_review,not_started,not_started,not_started,not_started,,,
lotus,13,7d4f1535dc35e8d964b8b1358c3e4daefe27da298ba8085f6805fc00324cd784,needs_review,not_started,not_started,not_started,not_started,,,
lotus,14,7d4f1535dc35e8d964b8b1358c3e4daefe27da298ba8085f6805fc00324cd784,needs_review,not_started,not_started,not_started,not_started,,,
lotus,15,7d4f1535dc35e8d964b8b1358c3e4daefe27da298ba8085f6805fc00324cd784,needs_review,not_started,not_started,not_started,not_started,,,
lotus,16,7d4f1535dc35e8d964b8b1358c3e4daefe27da298ba8085f6805fc00324cd784,needs_review,not_started,not_started,not_started,not_started,,,
lotus,17,7d4f1535dc35e8d964b8b1358c3e4daefe27da298ba8085f6805fc00324cd784,needs_review,not_started,not_started,not_started,not_started,,,
lotus,18,7d4f1535dc35e8d964b8b1358c3e4daefe27da298ba8085f6805fc00324cd784,needs_review,not_started,not_started,not_started,not_started,,,
lotus,19,7d4f1535dc35e8d964b8b1358c3e4daefe27da298ba8085f6805fc00324cd784,needs_review,not_started,not_started,not_started,not_started,,,
lotus,20,7d4f1535dc35e8d964b8b1358c3e4daefe27da298ba8085f6805fc00324cd784,needs_review,not_started,not_started,not_started,not_started,,,
lotus,21,7d4f1535dc35e8d964b8b1358c3e4daefe27da298ba8085f6805fc00324cd784,needs_review,not_started,not_started,not_started,not_started,,,
lotus,22,7d4f1535dc35e8d964b8b1358c3e4daefe27da298ba8085f6805fc00324cd784,needs_review,not_started,not_started,not_started,not_started,,,
lotus,23,7d4f1535dc35e8d964b8b1358c3e4daefe27da298ba8085f6805fc00324cd784,needs_review,not_started,not_started,not_started,not_started,,,
lotus,24,7d4f1535dc35e8d964b8b1358c3e4daefe27da298ba8085f6805fc00324cd784,needs_review,not_started,not_started,not_started,not_started,,,
lotus,25,7d4f1535dc35e8d964b8b1358c3e4daefe27da298ba8085f6805fc00324cd784,needs_review,not_started,not_started,not_started,not_started,,,
lotus,26,7d4f1535dc35e8d964b8b1358c3e4daefe27da298ba8085f6805fc00324cd784,needs_review,not_started,not_started,not_started,not_started,,,
lotus,27,7d4f1535dc35e8d964b8b1358c3e4daefe27da298ba8085f6805fc00324cd784,needs_review,not_started,not_started,not_started,not_started,,,
lotus,28,7d4f1535dc35e8d964b8b1358c3e4daefe27da298ba8085f6805fc00324cd784,needs_review,not_started,not_started,not_started,not_started,,,
lotus,29,7d4f1535dc35e8d964b8b1358c3e4daefe27da298ba8085f6805fc00324cd784,needs_review,not_started,not_started,not_started,not_started,,,
lotus,30,7d4f1535dc35e8d964b8b1358c3e4daefe27da298ba8085f6805fc00324cd784,needs_review,not_started,not_started,not_started,not_started,,,
lotus,31,7d4f1535dc35e8d964b8b1358c3e4daefe27da298ba8085f6805fc00324cd784,needs_review,not_started,not_started,not_started,not_started,,,
lotus,32,7d4f1535dc35e8d964b8b1358c3e4daefe27da298ba8085f6805fc00324cd784,needs_review,not_started,not_started,not_started,not_started,,,
lotus,33,7d4f1535dc35e8d964b8b1358c3e4daefe27da298ba8085f6805fc00324cd784,needs_review,not_started,not_started,not_started,not_started,,,
lotus,34,7d4f1535dc35e8d964b8b1358c3e4daefe27da298ba8085f6805fc00324cd784,needs_review,not_started,not_started,not_started,not_started,,,
lotus,35,7d4f1535dc35e8d964b8b1358c3e4daefe27da298ba8085f6805fc00324cd784,needs_review,not_started,not_started,not_started,not_started,,,
lotus,36,7d4f1535dc35e8d964b8b1358c3e4daefe27da298ba8085f6805fc00324cd784,needs_review,not_started,not_started,not_started,not_started,,,
lotus,37,7d4f1535dc35e8d964b8b1358c3e4daefe27da298ba8085f6805fc00324cd784,needs_review,not_started,not_started,not_started,not_started,,,
lotus,38,7d4f1535dc35e8d964b8b1358c3e4daefe27da298ba8085f6805fc00324cd784,needs_review,not_started,not_started,not_started,not_started,,,
lotus,39,7d4f1535dc35e8d964b8b1358c3e4daefe27da298ba8085f6805fc00324cd784,needs_review,not_started,not_started,not_started,not_started,,,
lotus,40,7d4f1535dc35e8d964b8b1358c3e4daefe27da298ba8085f6805fc00324cd784,needs_review,not_started,not_started,not_started,not_started,,,
lotus,41,7d4f1535dc35e8d964b8b1358c3e4daefe27da298ba8085f6805fc00324cd784,needs_review,not_started,not_started,not_started,not_started,,,
lotus,42,7d4f1535dc35e8d964b8b1358c3e4daefe27da298ba8085f6805fc00324cd784,needs_review,not_started,not_started,not_started,not_started,,,
lotus,43,7d4f1535dc35e8d964b8b1358c3e4daefe27da298ba8085f6805fc00324cd784,needs_review,not_started,not_started,not_started,not_started,,,
lotus,44,7d4f1535dc35e8d964b8b1358c3e4daefe27da298ba8085f6805fc00324cd784,needs_review,not_started,not_started,not_started,not_started,,,
lotus,45,7d4f1535dc35e8d964b8b1358c3e4daefe27da298ba8085f6805fc00324cd784,needs_review,not_started,not_started,not_started,not_started,,,
lotus,46,7d4f1535dc35e8d964b8b1358c3e4daefe27da298ba8085f6805fc00324cd784,needs_review,not_started,not_started,not_started,not_started,,,
lotus,47,7d4f1535dc35e8d964b8b1358c3e4daefe27da298ba8085f6805fc00324cd784,needs_review,not_started,not_started,not_started,not_started,,,
lotus,48,7d4f1535dc35e8d964b8b1358c3e4daefe27da298ba8085f6805fc00324cd784,needs_review,not_started,not_started,not_started,not_started,,,
lotus,49,7d4f1535dc35e8d964b8b1358c3e4daefe27da298ba8085f6805fc00324cd784,needs_review,not_started,not_started,not_started,not_started,,,
lotus,50,7d4f1535dc35e8d964b8b1358c3e4daefe27da298ba8085f6805fc00324cd784,needs_review,not_started,not_started,not_started,not_started,,,
lotus,51,7d4f1535dc35e8d964b8b1358c3e4daefe27da298ba8085f6805fc00324cd784,needs_review,not_started,not_started,not_started,not_started,,,
lotus,52,7d4f1535dc35e8d964b8b1358c3e4daefe27da298ba8085f6805fc00324cd784,needs_review,not_started,not_started,not_started,not_started,,,
lotus,53,7d4f1535dc35e8d964b8b1358c3e4daefe27da298ba8085f6805fc00324cd784,needs_review,not_started,not_started,not_started,not_started,,,
lotus,54,7d4f1535dc35e8d964b8b1358c3e4daefe27da298ba8085f6805fc00324cd784,needs_review,not_started,not_started,not_started,not_started,,,
lotus,55,7d4f1535dc35e8d964b8b1358c3e4daefe27da298ba8085f6805fc00324cd784,needs_review,not_started,not_started,not_started,not_started,,,
lotus,56,7d4f1535dc35e8d964b8b1358c3e4daefe27da298ba8085f6805fc00324cd784,needs_review,not_started,not_started,not_started,not_started,,,
lotus,57,7d4f1535dc35e8d964b8b1358c3e4daefe27da298ba8085f6805fc00324cd784,needs_review,not_started,not_started,not_started,not_started,,,
lotus,58,7d4f1535dc35e8d964b8b1358c3e4daefe27da298ba8085f6805fc00324cd784,needs_review,not_started,not_started,not_started,not_started,,,
lotus,59,7d4f1535dc35e8d964b8b1358c3e4daefe27da298ba8085f6805fc00324cd784,needs_review,not_started,not_started,not_started,not_started,,,
lotus,60,7d4f1535dc35e8d964b8b1358c3e4daefe27da298ba8085f6805fc00324cd784,needs_review,not_started,not_started,not_started,not_started,,,
lotus,61,7d4f1535dc35e8d964b8b1358c3e4daefe27da298ba8085f6805fc00324cd784,needs_review,not_started,not_started,not_started,not_started,,,
lotus,62,7d4f1535dc35e8d964b8b1358c3e4daefe27da298ba8085f6805fc00324cd784,needs_review,not_started,not_started,not_started,not_started,,,
lotus,63,7d4f1535dc35e8d964b8b1358c3e4daefe27da298ba8085f6805fc00324cd784,needs_review,not_started,not_started,not_started,not_started,,,
lotus,64,7d4f1535dc35e8d964b8b1358c3e4daefe27da298ba8085f6805fc00324cd784,needs_review,not_started,not_started,not_started,not_started,,,
lotus,65,7d4f1535dc35e8d964b8b1358c3e4daefe27da298ba8085f6805fc00324cd784,needs_review,not_started,not_started,not_started,not_started,,,
lotus,66,7d4f1535dc35e8d964b8b1358c3e4daefe27da298ba8085f6805fc00324cd784,needs_review,not_started,not_started,not_started,not_started,,,
lotus,67,7d4f1535dc35e8d964b8b1358c3e4daefe27da298ba8085f6805fc00324cd784,needs_review,not_started,not_started,not_started,not_started,,,
lotus,68,7d4f1535dc35e8d964b8b1358c3e4daefe27da298ba8085f6805fc00324cd784,needs_review,not_started,not_started,not_started,not_started,,,
lotus,69,7d4f1535dc35e8d964b8b1358c3e4daefe27da298ba8085f6805fc00324cd784,needs_review,not_started,not_started,not_started,not_started,,,
lotus,70,7d4f1535dc35e8d964b8b1358c3e4daefe27da298ba8085f6805fc00324cd784,needs_review,not_started,not_started,not_started,not_started,,,
lotus,71,7d4f1535dc35e8d964b8b1358c3e4daefe27da298ba8085f6805fc00324cd784,needs_review,not_started,not_started,not_started,not_started,,,
lotus,72,7d4f1535dc35e8d964b8b1358c3e4daefe27da298ba8085f6805fc00324cd784,needs_review,not_started,not_started,not_started,not_started,,,
lotus,73,7d4f1535dc35e8d964b8b1358c3e4daefe27da298ba8085f6805fc00324cd784,needs_review,not_started,not_started,not_started,not_started,,,
lotus,74,7d4f1535dc35e8d964b8b1358c3e4daefe27da298ba8085f6805fc00324cd784,needs_review,not_started,not_started,not_started,not_started,,,
lotus,75,7d4f1535dc35e8d964b8b1358c3e4daefe27da298ba8085f6805fc00324cd784,needs_review,not_started,not_started,not_started,not_started,,,
lotus,76,7d4f1535dc35e8d964b8b1358c3e4daefe27da298ba8085f6805fc00324cd784,needs_review,not_started,not_started,not_started,not_started,,,
lotus,77,7d4f1535dc35e8d964b8b1358c3e4daefe27da298ba8085f6805fc00324cd784,needs_review,not_started,not_started,not_started,not_started,,,
lotus,78,7d4f1535dc35e8d964b8b1358c3e4daefe27da298ba8085f6805fc00324cd784,needs_review,not_started,not_started,not_started,not_started,,,
lotus,79,7d4f1535dc35e8d964b8b1358c3e4daefe27da298ba8085f6805fc00324cd784,needs_review,not_started,not_started,not_started,not_started,,,
lotus,80,7d4f1535dc35e8d964b8b1358c3e4daefe27da298ba8085f6805fc00324cd784,needs_review,not_started,not_started,not_started,not_started,,,
lotus,81,7d4f1535dc35e8d964b8b1358c3e4daefe27da298ba8085f6805fc00324cd784,needs_review,not_started,not_started,not_started,not_started,,,
lotus,82,7d4f1535dc35e8d964b8b1358c3e4daefe27da298ba8085f6805fc00324cd784,needs_review,not_started,not_started,not_started,not_started,,,
lotus,83,7d4f1535dc35e8d964b8b1358c3e4daefe27da298ba8085f6805fc00324cd784,needs_review,not_started,not_started,not_started,not_started,,,
lotus,84,7d4f1535dc35e8d964b8b1358c3e4daefe27da298ba8085f6805fc00324cd784,needs_review,not_started,not_started,not_started,not_started,,,
lotus,85,7d4f1535dc35e8d964b8b1358c3e4daefe27da298ba8085f6805fc00324cd784,needs_review,not_started,not_started,not_started,not_started,,,
lotus,86,7d4f1535dc35e8d964b8b1358c3e4daefe27da298ba8085f6805fc00324cd784,needs_review,not_started,not_started,not_started,not_started,,,
lotus,87,7d4f1535dc35e8d964b8b1358c3e4daefe27da298ba8085f6805fc00324cd784,needs_recovery,not_started,not_started,not_started,not_started,,,
lotus,88,7d4f1535dc35e8d964b8b1358c3e4daefe27da298ba8085f6805fc00324cd784,needs_review,not_started,not_started,not_started,not_started,,,
lotus,89,7d4f1535dc35e8d964b8b1358c3e4daefe27da298ba8085f6805fc00324cd784,needs_review,not_started,not_started,not_started,not_started,,,
lotus,90,7d4f1535dc35e8d964b8b1358c3e4daefe27da298ba8085f6805fc00324cd784,needs_review,not_started,not_started,not_started,not_started,,,
lotus,91,7d4f1535dc35e8d964b8b1358c3e4daefe27da298ba8085f6805fc00324cd784,needs_review,not_started,not_started,not_started,not_started,,,
lotus,92,7d4f1535dc35e8d964b8b1358c3e4daefe27da298ba8085f6805fc00324cd784,needs_review,not_started,not_started,not_started,not_started,,,
lotus,93,7d4f1535dc35e8d964b8b1358c3e4daefe27da298ba8085f6805fc00324cd784,needs_review,not_started,not_started,not_started,not_started,,,
lotus,94,7d4f1535dc35e8d964b8b1358c3e4daefe27da298ba8085f6805fc00324cd784,needs_review,not_started,not_started,not_started,not_started,,,
lotus,95,7d4f1535dc35e8d964b8b1358c3e4daefe27da298ba8085f6805fc00324cd784,needs_review,not_started,not_started,not_started,not_started,,,
lotus,96,7d4f1535dc35e8d964b8b1358c3e4daefe27da298ba8085f6805fc00324cd784,needs_review,not_started,not_started,not_started,not_started,,,
lotus,97,7d4f1535dc35e8d964b8b1358c3e4daefe27da298ba8085f6805fc00324cd784,needs_review,not_started,not_started,not_started,not_started,,,
lotus,98,7d4f1535dc35e8d964b8b1358c3e4daefe27da298ba8085f6805fc00324cd784,needs_review,not_started,not_started,not_started,not_started,,,
lotus,99,7d4f1535dc35e8d964b8b1358c3e4daefe27da298ba8085f6805fc00324cd784,needs_review,not_started,not_started,not_started,not_started,,,
lotus,100,7d4f1535dc35e8d964b8b1358c3e4daefe27da298ba8085f6805fc00324cd784,needs_review,not_started,not_started,not_started,not_started,,,
lotus,101,7d4f1535dc35e8d964b8b1358c3e4daefe27da298ba8085f6805fc00324cd784,needs_review,not_started,not_started,not_started,not_started,,,
lotus,102,7d4f1535dc35e8d964b8b1358c3e4daefe27da298ba8085f6805fc00324cd784,needs_review,not_started,not_started,not_started,not_started,,,
lotus,103,7d4f1535dc35e8d964b8b1358c3e4daefe27da298ba8085f6805fc00324cd784,needs_review,not_started,not_started,not_started,not_started,,,
lotus,104,7d4f1535dc35e8d964b8b1358c3e4daefe27da298ba8085f6805fc00324cd784,needs_review,not_started,not_started,not_started,not_started,,,
lotus,105,7d4f1535dc35e8d964b8b1358c3e4daefe27da298ba8085f6805fc00324cd784,needs_review,not_started,not_started,not_started,not_started,,,
lotus,106,7d4f1535dc35e8d964b8b1358c3e4daefe27da298ba8085f6805fc00324cd784,needs_review,not_started,not_started,not_started,not_started,,,
lotus,107,7d4f1535dc35e8d964b8b1358c3e4daefe27da298ba8085f6805fc00324cd784,needs_review,not_started,not_started,not_started,not_started,,,
lotus,108,7d4f1535dc35e8d964b8b1358c3e4daefe27da298ba8085f6805fc00324cd784,needs_review,not_started,not_started,not_started,not_started,,,
lotus,109,7d4f1535dc35e8d964b8b1358c3e4daefe27da298ba8085f6805fc00324cd784,needs_review,not_started,not_started,not_started,not_started,,,
lotus,110,7d4f1535dc35e8d964b8b1358c3e4daefe27da298ba8085f6805fc00324cd784,needs_review,not_started,not_started,not_started,not_started,,,
lotus,111,7d4f1535dc35e8d964b8b1358c3e4daefe27da298ba8085f6805fc00324cd784,needs_review,not_started,not_started,not_started,not_started,,,
lotus,112,7d4f1535dc35e8d964b8b1358c3e4daefe27da298ba8085f6805fc00324cd784,needs_review,not_started,not_started,not_started,not_started,,,
lotus,113,7d4f1535dc35e8d964b8b1358c3e4daefe27da298ba8085f6805fc00324cd784,needs_review,not_started,not_started,not_started,not_started,,,
lotus,114,7d4f1535dc35e8d964b8b1358c3e4daefe27da298ba8085f6805fc00324cd784,needs_review,not_started,not_started,not_started,not_started,,,
lotus,115,7d4f1535dc35e8d964b8b1358c3e4daefe27da298ba8085f6805fc00324cd784,needs_review,not_started,not_started,not_started,not_started,,,
lotus,116,7d4f1535dc35e8d964b8b1358c3e4daefe27da298ba8085f6805fc00324cd784,needs_review,not_started,not_started,not_started,not_started,,,
lotus,117,7d4f1535dc35e8d964b8b1358c3e4daefe27da298ba8085f6805fc00324cd784,needs_review,not_started,not_started,not_started,not_started,,,
lotus,118,7d4f1535dc35e8d964b8b1358c3e4daefe27da298ba8085f6805fc00324cd784,needs_review,not_started,not_started,not_started,not_started,,,
lotus,119,7d4f1535dc35e8d964b8b1358c3e4daefe27da298ba8085f6805fc00324cd784,needs_review,not_started,not_started,not_started,not_started,,,
lotus,120,7d4f1535dc35e8d964b8b1358c3e4daefe27da298ba8085f6805fc00324cd784,needs_review,not_started,not_started,not_started,not_started,,,
lotus,121,7d4f1535dc35e8d964b8b1358c3e4daefe27da298ba8085f6805fc00324cd784,needs_review,not_started,not_started,not_started,not_started,,,
lotus,122,7d4f1535dc35e8d964b8b1358c3e4daefe27da298ba8085f6805fc00324cd784,needs_review,not_started,not_started,not_started,not_started,,,
lotus,123,7d4f1535dc35e8d964b8b1358c3e4daefe27da298ba8085f6805fc00324cd784,needs_review,not_started,not_started,not_started,not_started,,,
lotus,124,7d4f1535dc35e8d964b8b1358c3e4daefe27da298ba8085f6805fc00324cd784,needs_review,not_started,not_started,not_started,not_started,,,
lotus,125,7d4f1535dc35e8d964b8b1358c3e4daefe27da298ba8085f6805fc00324cd784,needs_review,not_started,not_started,not_started,not_started,,,
lotus,126,7d4f1535dc35e8d964b8b1358c3e4daefe27da298ba8085f6805fc00324cd784,needs_review,not_started,not_started,not_started,not_started,,,
lotus,127,7d4f1535dc35e8d964b8b1358c3e4daefe27da298ba8085f6805fc00324cd784,needs_review,not_started,not_started,not_started,not_started,,,
lotus,128,7d4f1535dc35e8d964b8b1358c3e4daefe27da298ba8085f6805fc00324cd784,needs_review,not_started,not_started,not_started,not_started,,,
lotus,129,7d4f1535dc35e8d964b8b1358c3e4daefe27da298ba8085f6805fc00324cd784,needs_review,not_started,not_started,not_started,not_started,,,
lotus,130,7d4f1535dc35e8d964b8b1358c3e4daefe27da298ba8085f6805fc00324cd784,needs_review,not_started,not_started,not_started,not_started,,,
lotus,131,7d4f1535dc35e8d964b8b1358c3e4daefe27da298ba8085f6805fc00324cd784,needs_review,not_started,not_started,not_started,not_started,,,
lotus,132,7d4f1535dc35e8d964b8b1358c3e4daefe27da298ba8085f6805fc00324cd784,needs_review,not_started,not_started,not_started,not_started,,,
lotus,133,7d4f1535dc35e8d964b8b1358c3e4daefe27da298ba8085f6805fc00324cd784,needs_review,not_started,not_started,not_started,not_started,,,
lotus,134,7d4f1535dc35e8d964b8b1358c3e4daefe27da298ba8085f6805fc00324cd784,needs_review,not_started,not_started,not_started,not_started,,,
lotus,135,7d4f1535dc35e8d964b8b1358c3e4daefe27da298ba8085f6805fc00324cd784,needs_review,not_started,not_started,not_started,not_started,,,
lotus,136,7d4f1535dc35e8d964b8b1358c3e4daefe27da298ba8085f6805fc00324cd784,needs_review,not_started,not_started,not_started,not_started,,,
lotus,137,7d4f1535dc35e8d964b8b1358c3e4daefe27da298ba8085f6805fc00324cd784,needs_review,not_started,not_started,not_started,not_started,,,
lotus,138,7d4f1535dc35e8d964b8b1358c3e4daefe27da298ba8085f6805fc00324cd784,needs_review,not_started,not_started,not_started,not_started,,,
lotus,139,7d4f1535dc35e8d964b8b1358c3e4daefe27da298ba8085f6805fc00324cd784,needs_review,not_started,not_started,not_started,not_started,,,
lotus,140,7d4f1535dc35e8d964b8b1358c3e4daefe27da298ba8085f6805fc00324cd784,needs_review,not_started,not_started,not_started,not_started,,,
lotus,141,7d4f1535dc35e8d964b8b1358c3e4daefe27da298ba8085f6805fc00324cd784,needs_review,not_started,not_started,not_started,not_started,,,
lotus,142,7d4f1535dc35e8d964b8b1358c3e4daefe27da298ba8085f6805fc00324cd784,needs_review,not_started,not_started,not_started,not_started,,,
lotus,143,7d4f1535dc35e8d964b8b1358c3e4daefe27da298ba8085f6805fc00324cd784,needs_review,not_started,not_started,not_started,not_started,,,
lotus,144,7d4f1535dc35e8d964b8b1358c3e4daefe27da298ba8085f6805fc00324cd784,needs_review,not_started,not_started,not_started,not_started,,,
lotus,145,7d4f1535dc35e8d964b8b1358c3e4daefe27da298ba8085f6805fc00324cd784,needs_review,not_started,not_started,not_started,not_started,,,
lotus,146,7d4f1535dc35e8d964b8b1358c3e4daefe27da298ba8085f6805fc00324cd784,needs_review,not_started,not_started,not_started,not_started,,,
lotus,147,7d4f1535dc35e8d964b8b1358c3e4daefe27da298ba8085f6805fc00324cd784,needs_review,not_started,not_started,not_started,not_started,,,
lotus,148,7d4f1535dc35e8d964b8b1358c3e4daefe27da298ba8085f6805fc00324cd784,needs_review,not_started,not_started,not_started,not_started,,,
lotus,149,7d4f1535dc35e8d964b8b1358c3e4daefe27da298ba8085f6805fc00324cd784,needs_review,not_started,not_started,not_started,not_started,,,
lotus,150,7d4f1535dc35e8d964b8b1358c3e4daefe27da298ba8085f6805fc00324cd784,needs_review,not_started,not_started,not_started,not_started,,,
lotus,151,7d4f1535dc35e8d964b8b1358c3e4daefe27da298ba8085f6805fc00324cd784,needs_review,not_started,not_started,not_started,not_started,,,
lotus,152,7d4f1535dc35e8d964b8b1358c3e4daefe27da298ba8085f6805fc00324cd784,needs_review,not_started,not_started,not_started,not_started,,,
lotus,153,7d4f1535dc35e8d964b8b1358c3e4daefe27da298ba8085f6805fc00324cd784,needs_review,not_started,not_started,not_started,not_started,,,
lotus,154,7d4f1535dc35e8d964b8b1358c3e4daefe27da298ba8085f6805fc00324cd784,needs_review,not_started,not_started,not_started,not_started,,,
lotus,155,7d4f1535dc35e8d964b8b1358c3e4daefe27da298ba8085f6805fc00324cd784,needs_review,not_started,not_started,not_started,not_started,,,
lotus,156,7d4f1535dc35e8d964b8b1358c3e4daefe27da298ba8085f6805fc00324cd784,needs_review,not_started,not_started,not_started,not_started,,,
lotus,157,7d4f1535dc35e8d964b8b1358c3e4daefe27da298ba8085f6805fc00324cd784,needs_review,not_started,not_started,not_started,not_started,,,
lotus,158,7d4f1535dc35e8d964b8b1358c3e4daefe27da298ba8085f6805fc00324cd784,needs_review,not_started,not_started,not_started,not_started,,,
lotus,159,7d4f1535dc35e8d964b8b1358c3e4daefe27da298ba8085f6805fc00324cd784,needs_review,not_started,not_started,not_started,not_started,,,
lotus,160,7d4f1535dc35e8d964b8b1358c3e4daefe27da298ba8085f6805fc00324cd784,needs_review,not_started,not_started,not_started,not_started,,,
lotus,161,7d4f1535dc35e8d964b8b1358c3e4daefe27da298ba8085f6805fc00324cd784,needs_review,not_started,not_started,not_started,not_started,,,
lotus,162,7d4f1535dc35e8d964b8b1358c3e4daefe27da298ba8085f6805fc00324cd784,needs_review,not_started,not_started,not_started,not_started,,,
lotus,163,7d4f1535dc35e8d964b8b1358c3e4daefe27da298ba8085f6805fc00324cd784,needs_review,not_started,not_started,not_started,not_started,,,
lotus,164,7d4f1535dc35e8d964b8b1358c3e4daefe27da298ba8085f6805fc00324cd784,needs_review,not_started,not_started,not_started,not_started,,,
lotus,165,7d4f1535dc35e8d964b8b1358c3e4daefe27da298ba8085f6805fc00324cd784,needs_review,not_started,not_started,not_started,not_started,,,
lotus,166,7d4f1535dc35e8d964b8b1358c3e4daefe27da298ba8085f6805fc00324cd784,needs_review,not_started,not_started,not_started,not_started,,,
lotus,167,7d4f1535dc35e8d964b8b1358c3e4daefe27da298ba8085f6805fc00324cd784,needs_review,not_started,not_started,not_started,not_started,,,
lotus,168,7d4f1535dc35e8d964b8b1358c3e4daefe27da298ba8085f6805fc00324cd784,needs_review,not_started,not_started,not_started,not_started,,,
lotus,169,7d4f1535dc35e8d964b8b1358c3e4daefe27da298ba8085f6805fc00324cd784,needs_review,not_started,not_started,not_started,not_started,,,
lotus,170,7d4f1535dc35e8d964b8b1358c3e4daefe27da298ba8085f6805fc00324cd784,needs_review,not_started,not_started,not_started,not_started,,,
lotus,171,7d4f1535dc35e8d964b8b1358c3e4daefe27da298ba8085f6805fc00324cd784,needs_review,not_started,not_started,not_started,not_started,,,
lotus,172,7d4f1535dc35e8d964b8b1358c3e4daefe27da298ba8085f6805fc00324cd784,needs_review,not_started,not_started,not_started,not_started,,,
lotus,173,7d4f1535dc35e8d964b8b1358c3e4daefe27da298ba8085f6805fc00324cd784,needs_review,not_started,not_started,not_started,not_started,,,
lotus,174,7d4f1535dc35e8d964b8b1358c3e4daefe27da298ba8085f6805fc00324cd784,needs_review,not_started,not_started,not_started,not_started,,,
lotus,175,7d4f1535dc35e8d964b8b1358c3e4daefe27da298ba8085f6805fc00324cd784,needs_review,not_started,not_started,not_started,not_started,,,
lotus,176,7d4f1535dc35e8d964b8b1358c3e4daefe27da298ba8085f6805fc00324cd784,needs_review,not_started,not_started,not_started,not_started,,,
lotus,177,7d4f1535dc35e8d964b8b1358c3e4daefe27da298ba8085f6805fc00324cd784,needs_review,not_started,not_started,not_started,not_started,,,
lotus,178,7d4f1535dc35e8d964b8b1358c3e4daefe27da298ba8085f6805fc00324cd784,needs_review,not_started,not_started,not_started,not_started,,,
lotus,179,7d4f1535dc35e8d964b8b1358c3e4daefe27da298ba8085f6805fc00324cd784,needs_review,not_started,not_started,not_started,not_started,,,
lotus,180,7d4f1535dc35e8d964b8b1358c3e4daefe27da298ba8085f6805fc00324cd784,needs_review,not_started,not_started,not_started,not_started,,,
the-first-flame,1,097bbdbbb3c567a7259664abb433d5f952bf5bc20ab1a9ab159cd1e5690d0f60,needs_recovery,not_started,not_started,not_started,not_started,,,
the-first-flame,2,097bbdbbb3c567a7259664abb433d5f952bf5bc20ab1a9ab159cd1e5690d0f60,needs_review,not_started,not_started,not_started,not_started,,,
the-first-flame,3,097bbdbbb3c567a7259664abb433d5f952bf5bc20ab1a9ab159cd1e5690d0f60,needs_review,not_started,not_started,not_started,not_started,,,
the-first-flame,4,097bbdbbb3c567a7259664abb433d5f952bf5bc20ab1a9ab159cd1e5690d0f60,needs_review,not_started,not_started,not_started,not_started,,,
the-first-flame,5,097bbdbbb3c567a7259664abb433d5f952bf5bc20ab1a9ab159cd1e5690d0f60,needs_review,not_started,not_started,not_started,not_started,,,
the-first-flame,6,097bbdbbb3c567a7259664abb433d5f952bf5bc20ab1a9ab159cd1e5690d0f60,needs_review,not_started,not_started,not_started,not_started,,,
the-first-flame,7,097bbdbbb3c567a7259664abb433d5f952bf5bc20ab1a9ab159cd1e5690d0f60,needs_review,not_started,not_started,not_started,not_started,,,
the-first-flame,8,097bbdbbb3c567a7259664abb433d5f952bf5bc20ab1a9ab159cd1e5690d0f60,needs_review,not_started,not_started,not_started,not_started,,,
the-first-flame,9,097bbdbbb3c567a7259664abb433d5f952bf5bc20ab1a9ab159cd1e5690d0f60,needs_review,not_started,not_started,not_started,not_started,,,
the-first-flame,10,097bbdbbb3c567a7259664abb433d5f952bf5bc20ab1a9ab159cd1e5690d0f60,needs_review,not_started,not_started,not_started,not_started,,,
the-first-flame,11,097bbdbbb3c567a7259664abb433d5f952bf5bc20ab1a9ab159cd1e5690d0f60,needs_review,not_started,not_started,not_started,not_started,,,
the-first-flame,12,097bbdbbb3c567a7259664abb433d5f952bf5bc20ab1a9ab159cd1e5690d0f60,needs_review,not_started,not_started,not_started,not_started,,,
the-first-flame,13,097bbdbbb3c567a7259664abb433d5f952bf5bc20ab1a9ab159cd1e5690d0f60,needs_review,not_started,not_started,not_started,not_started,,,
the-first-flame,14,097bbdbbb3c567a7259664abb433d5f952bf5bc20ab1a9ab159cd1e5690d0f60,needs_review,not_started,not_started,not_started,not_started,,,
the-first-flame,15,097bbdbbb3c567a7259664abb433d5f952bf5bc20ab1a9ab159cd1e5690d0f60,needs_review,not_started,not_started,not_started,not_started,,,
the-first-flame,16,097bbdbbb3c567a7259664abb433d5f952bf5bc20ab1a9ab159cd1e5690d0f60,needs_review,not_started,not_started,not_started,not_started,,,
the-first-flame,17,097bbdbbb3c567a7259664abb433d5f952bf5bc20ab1a9ab159cd1e5690d0f60,needs_review,not_started,not_started,not_started,not_started,,,
the-first-flame,18,097bbdbbb3c567a7259664abb433d5f952bf5bc20ab1a9ab159cd1e5690d0f60,needs_review,not_started,not_started,not_started,not_started,,,
the-first-flame,19,097bbdbbb3c567a7259664abb433d5f952bf5bc20ab1a9ab159cd1e5690d0f60,needs_review,not_started,not_started,not_started,not_started,,,
the-first-flame,20,097bbdbbb3c567a7259664abb433d5f952bf5bc20ab1a9ab159cd1e5690d0f60,needs_review,not_started,not_started,not_started,not_started,,,
the-first-flame,21,097bbdbbb3c567a7259664abb433d5f952bf5bc20ab1a9ab159cd1e5690d0f60,needs_review,not_started,not_started,not_started,not_started,,,
the-first-flame,22,097bbdbbb3c567a7259664abb433d5f952bf5bc20ab1a9ab159cd1e5690d0f60,needs_review,not_started,not_started,not_started,not_started,,,
the-first-flame,23,097bbdbbb3c567a7259664abb433d5f952bf5bc20ab1a9ab159cd1e5690d0f60,needs_review,not_started,not_started,not_started,not_started,,,
the-first-flame,24,097bbdbbb3c567a7259664abb433d5f952bf5bc20ab1a9ab159cd1e5690d0f60,needs_review,not_started,not_started,not_started,not_started,,,
the-first-flame,25,097bbdbbb3c567a7259664abb433d5f952bf5bc20ab1a9ab159cd1e5690d0f60,needs_review,not_started,not_started,not_started,not_started,,,
the-first-flame,26,097bbdbbb3c567a7259664abb433d5f952bf5bc20ab1a9ab159cd1e5690d0f60,needs_review,not_started,not_started,not_started,not_started,,,
the-first-flame,27,097bbdbbb3c567a7259664abb433d5f952bf5bc20ab1a9ab159cd1e5690d0f60,needs_review,not_started,not_started,not_started,not_started,,,
the-first-flame,28,097bbdbbb3c567a7259664abb433d5f952bf5bc20ab1a9ab159cd1e5690d0f60,needs_review,not_started,not_started,not_started,not_started,,,
the-first-flame,29,097bbdbbb3c567a7259664abb433d5f952bf5bc20ab1a9ab159cd1e5690d0f60,needs_review,not_started,not_started,not_started,not_started,,,
the-first-flame,30,097bbdbbb3c567a7259664abb433d5f952bf5bc20ab1a9ab159cd1e5690d0f60,needs_review,not_started,not_started,not_started,not_started,,,
the-first-flame,31,097bbdbbb3c567a7259664abb433d5f952bf5bc20ab1a9ab159cd1e5690d0f60,needs_recovery,not_started,not_started,not_started,not_started,,,
the-first-flame,32,097bbdbbb3c567a7259664abb433d5f952bf5bc20ab1a9ab159cd1e5690d0f60,needs_review,not_started,not_started,not_started,not_started,,,
the-first-flame,33,097bbdbbb3c567a7259664abb433d5f952bf5bc20ab1a9ab159cd1e5690d0f60,needs_recovery,not_started,not_started,not_started,not_started,,,
the-first-flame,34,097bbdbbb3c567a7259664abb433d5f952bf5bc20ab1a9ab159cd1e5690d0f60,needs_review,not_started,not_started,not_started,not_started,,,
the-first-flame,35,097bbdbbb3c567a7259664abb433d5f952bf5bc20ab1a9ab159cd1e5690d0f60,needs_review,not_started,not_started,not_started,not_started,,,
the-first-flame,36,097bbdbbb3c567a7259664abb433d5f952bf5bc20ab1a9ab159cd1e5690d0f60,needs_review,not_started,not_started,not_started,not_started,,,
the-first-flame,37,097bbdbbb3c567a7259664abb433d5f952bf5bc20ab1a9ab159cd1e5690d0f60,needs_review,not_started,not_started,not_started,not_started,,,
the-first-flame,38,097bbdbbb3c567a7259664abb433d5f952bf5bc20ab1a9ab159cd1e5690d0f60,needs_review,not_started,not_started,not_started,not_started,,,
the-first-flame,39,097bbdbbb3c567a7259664abb433d5f952bf5bc20ab1a9ab159cd1e5690d0f60,needs_recovery,not_started,not_started,not_started,not_started,,,
the-first-flame,40,097bbdbbb3c567a7259664abb433d5f952bf5bc20ab1a9ab159cd1e5690d0f60,needs_review,not_started,not_started,not_started,not_started,,,
the-first-flame,41,097bbdbbb3c567a7259664abb433d5f952bf5bc20ab1a9ab159cd1e5690d0f60,needs_recovery,not_started,not_started,not_started,not_started,,,
the-first-flame,42,097bbdbbb3c567a7259664abb433d5f952bf5bc20ab1a9ab159cd1e5690d0f60,needs_review,not_started,not_started,not_started,not_started,,,
the-first-flame,43,097bbdbbb3c567a7259664abb433d5f952bf5bc20ab1a9ab159cd1e5690d0f60,needs_review,not_started,not_started,not_started,not_started,,,
total-war,1,821ad4edc5fa34917046611837704caaef3852b4b0f130d29b1ef3024502b5bb,needs_recovery,not_started,not_started,not_started,not_started,,,
total-war,2,821ad4edc5fa34917046611837704caaef3852b4b0f130d29b1ef3024502b5bb,needs_recovery,not_started,not_started,not_started,not_started,,,
total-war,3,821ad4edc5fa34917046611837704caaef3852b4b0f130d29b1ef3024502b5bb,needs_review,not_started,not_started,not_started,not_started,,,
total-war,4,821ad4edc5fa34917046611837704caaef3852b4b0f130d29b1ef3024502b5bb,needs_recovery,not_started,not_started,not_started,not_started,,,
total-war,5,821ad4edc5fa34917046611837704caaef3852b4b0f130d29b1ef3024502b5bb,needs_review,not_started,not_started,not_started,not_started,,,
total-war,6,821ad4edc5fa34917046611837704caaef3852b4b0f130d29b1ef3024502b5bb,needs_review,not_started,not_started,not_started,not_started,,,
total-war,7,821ad4edc5fa34917046611837704caaef3852b4b0f130d29b1ef3024502b5bb,needs_review,not_started,not_started,not_started,not_started,,,
total-war,8,821ad4edc5fa34917046611837704caaef3852b4b0f130d29b1ef3024502b5bb,needs_review,not_started,not_started,not_started,not_started,,,
total-war,9,821ad4edc5fa34917046611837704caaef3852b4b0f130d29b1ef3024502b5bb,needs_review,not_started,not_started,not_started,not_started,,,
total-war,10,821ad4edc5fa34917046611837704caaef3852b4b0f130d29b1ef3024502b5bb,needs_review,not_started,not_started,not_started,not_started,,,
total-war,11,821ad4edc5fa34917046611837704caaef3852b4b0f130d29b1ef3024502b5bb,needs_review,not_started,not_started,not_started,not_started,,,
total-war,12,821ad4edc5fa34917046611837704caaef3852b4b0f130d29b1ef3024502b5bb,needs_recovery,not_started,not_started,not_started,not_started,,,
total-war,13,821ad4edc5fa34917046611837704caaef3852b4b0f130d29b1ef3024502b5bb,needs_recovery,not_started,not_started,not_started,not_started,,,
total-war,14,821ad4edc5fa34917046611837704caaef3852b4b0f130d29b1ef3024502b5bb,needs_review,not_started,not_started,not_started,not_started,,,
total-war,15,821ad4edc5fa34917046611837704caaef3852b4b0f130d29b1ef3024502b5bb,needs_review,not_started,not_started,not_started,not_started,,,
total-war,16,821ad4edc5fa34917046611837704caaef3852b4b0f130d29b1ef3024502b5bb,needs_review,not_started,not_started,not_started,not_started,,,
total-war,17,821ad4edc5fa34917046611837704caaef3852b4b0f130d29b1ef3024502b5bb,needs_review,not_started,not_started,not_started,not_started,,,
total-war,18,821ad4edc5fa34917046611837704caaef3852b4b0f130d29b1ef3024502b5bb,needs_review,not_started,not_started,not_started,not_started,,,
total-war,19,821ad4edc5fa34917046611837704caaef3852b4b0f130d29b1ef3024502b5bb,needs_review,not_started,not_started,not_started,not_started,,,
total-war,20,821ad4edc5fa34917046611837704caaef3852b4b0f130d29b1ef3024502b5bb,needs_review,not_started,not_started,not_started,not_started,,,
total-war,21,821ad4edc5fa34917046611837704caaef3852b4b0f130d29b1ef3024502b5bb,needs_review,not_started,not_started,not_started,not_started,,,
total-war,22,821ad4edc5fa34917046611837704caaef3852b4b0f130d29b1ef3024502b5bb,needs_recovery,not_started,not_started,not_started,not_started,,,
total-war,23,821ad4edc5fa34917046611837704caaef3852b4b0f130d29b1ef3024502b5bb,needs_recovery,not_started,not_started,not_started,not_started,,,
total-war,24,821ad4edc5fa34917046611837704caaef3852b4b0f130d29b1ef3024502b5bb,needs_review,not_started,not_started,not_started,not_started,,,
total-war,25,821ad4edc5fa34917046611837704caaef3852b4b0f130d29b1ef3024502b5bb,needs_review,not_started,not_started,not_started,not_started,,,
total-war,26,821ad4edc5fa34917046611837704caaef3852b4b0f130d29b1ef3024502b5bb,needs_review,not_started,not_started,not_started,not_started,,,
total-war,27,821ad4edc5fa34917046611837704caaef3852b4b0f130d29b1ef3024502b5bb,needs_review,not_started,not_started,not_started,not_started,,,
total-war,28,821ad4edc5fa34917046611837704caaef3852b4b0f130d29b1ef3024502b5bb,needs_review,not_started,not_started,not_started,not_started,,,
total-war,29,821ad4edc5fa34917046611837704caaef3852b4b0f130d29b1ef3024502b5bb,needs_review,not_started,not_started,not_started,not_started,,,
total-war,30,821ad4edc5fa34917046611837704caaef3852b4b0f130d29b1ef3024502b5bb,needs_recovery,not_started,not_started,not_started,not_started,,,
total-war,31,821ad4edc5fa34917046611837704caaef3852b4b0f130d29b1ef3024502b5bb,needs_review,not_started,not_started,not_started,not_started,,,
total-war,32,821ad4edc5fa34917046611837704caaef3852b4b0f130d29b1ef3024502b5bb,needs_review,not_started,not_started,not_started,not_started,,,
total-war,33,821ad4edc5fa34917046611837704caaef3852b4b0f130d29b1ef3024502b5bb,needs_review,not_started,not_started,not_started,not_started,,,
total-war,34,821ad4edc5fa34917046611837704caaef3852b4b0f130d29b1ef3024502b5bb,needs_review,not_started,not_started,not_started,not_started,,,
total-war,35,821ad4edc5fa34917046611837704caaef3852b4b0f130d29b1ef3024502b5bb,needs_review,not_started,not_started,not_started,not_started,,,
total-war,36,821ad4edc5fa34917046611837704caaef3852b4b0f130d29b1ef3024502b5bb,needs_review,not_started,not_started,not_started,not_started,,,
total-war,37,821ad4edc5fa34917046611837704caaef3852b4b0f130d29b1ef3024502b5bb,needs_review,not_started,not_started,not_started,not_started,,,
total-war,38,821ad4edc5fa34917046611837704caaef3852b4b0f130d29b1ef3024502b5bb,needs_recovery,not_started,not_started,not_started,not_started,,,
total-war,39,821ad4edc5fa34917046611837704caaef3852b4b0f130d29b1ef3024502b5bb,needs_review,not_started,not_started,not_started,not_started,,,
total-war,40,821ad4edc5fa34917046611837704caaef3852b4b0f130d29b1ef3024502b5bb,needs_review,not_started,not_started,not_started,not_started,,,
total-war,41,821ad4edc5fa34917046611837704caaef3852b4b0f130d29b1ef3024502b5bb,needs_review,not_started,not_started,not_started,not_started,,,
total-war,42,821ad4edc5fa34917046611837704caaef3852b4b0f130d29b1ef3024502b5bb,needs_review,not_started,not_started,not_started,not_started,,,
total-war,43,821ad4edc5fa34917046611837704caaef3852b4b0f130d29b1ef3024502b5bb,needs_review,not_started,not_started,not_started,not_started,,,
total-war,44,821ad4edc5fa34917046611837704caaef3852b4b0f130d29b1ef3024502b5bb,needs_review,not_started,not_started,not_started,not_started,,,
total-war,45,821ad4edc5fa34917046611837704caaef3852b4b0f130d29b1ef3024502b5bb,needs_review,not_started,not_started,not_started,not_started,,,
total-war,46,821ad4edc5fa34917046611837704caaef3852b4b0f130d29b1ef3024502b5bb,needs_review,not_started,not_started,not_started,not_started,,,
total-war,47,821ad4edc5fa34917046611837704caaef3852b4b0f130d29b1ef3024502b5bb,needs_review,not_started,not_started,not_started,not_started,,,
total-war,48,821ad4edc5fa34917046611837704caaef3852b4b0f130d29b1ef3024502b5bb,needs_review,not_started,not_started,not_started,not_started,,,
total-war,49,821ad4edc5fa34917046611837704caaef3852b4b0f130d29b1ef3024502b5bb,needs_review,not_started,not_started,not_started,not_started,,,
total-war,50,821ad4edc5fa34917046611837704caaef3852b4b0f130d29b1ef3024502b5bb,needs_review,not_started,not_started,not_started,not_started,,,
total-war,51,821ad4edc5fa34917046611837704caaef3852b4b0f130d29b1ef3024502b5bb,needs_review,not_started,not_started,not_started,not_started,,,
total-war,52,821ad4edc5fa34917046611837704caaef3852b4b0f130d29b1ef3024502b5bb,needs_review,not_started,not_started,not_started,not_started,,,
total-war,53,821ad4edc5fa34917046611837704caaef3852b4b0f130d29b1ef3024502b5bb,needs_recovery,not_started,not_started,not_started,not_started,,,
total-war,54,821ad4edc5fa34917046611837704caaef3852b4b0f130d29b1ef3024502b5bb,needs_review,not_started,not_started,not_started,not_started,,,
total-war,55,821ad4edc5fa34917046611837704caaef3852b4b0f130d29b1ef3024502b5bb,needs_review,not_started,not_started,not_started,not_started,,,
total-war,56,821ad4edc5fa34917046611837704caaef3852b4b0f130d29b1ef3024502b5bb,needs_review,not_started,not_started,not_started,not_started,,,
total-war,57,821ad4edc5fa34917046611837704caaef3852b4b0f130d29b1ef3024502b5bb,needs_review,not_started,not_started,not_started,not_started,,,
total-war,58,821ad4edc5fa34917046611837704caaef3852b4b0f130d29b1ef3024502b5bb,needs_review,not_started,not_started,not_started,not_started,,,
total-war,59,821ad4edc5fa34917046611837704caaef3852b4b0f130d29b1ef3024502b5bb,needs_review,not_started,not_started,not_started,not_started,,,
total-war,60,821ad4edc5fa34917046611837704caaef3852b4b0f130d29b1ef3024502b5bb,needs_review,not_started,not_started,not_started,not_started,,,
total-war,61,821ad4edc5fa34917046611837704caaef3852b4b0f130d29b1ef3024502b5bb,needs_review,not_started,not_started,not_started,not_started,,,
total-war,62,821ad4edc5fa34917046611837704caaef3852b4b0f130d29b1ef3024502b5bb,needs_review,not_started,not_started,not_started,not_started,,,
total-war,63,821ad4edc5fa34917046611837704caaef3852b4b0f130d29b1ef3024502b5bb,needs_review,not_started,not_started,not_started,not_started,,,
total-war,64,821ad4edc5fa34917046611837704caaef3852b4b0f130d29b1ef3024502b5bb,needs_review,not_started,not_started,not_started,not_started,,,
total-war,65,821ad4edc5fa34917046611837704caaef3852b4b0f130d29b1ef3024502b5bb,needs_review,not_started,not_started,not_started,not_started,,,
total-war,66,821ad4edc5fa34917046611837704caaef3852b4b0f130d29b1ef3024502b5bb,needs_review,not_started,not_started,not_started,not_started,,,
total-war,67,821ad4edc5fa34917046611837704caaef3852b4b0f130d29b1ef3024502b5bb,needs_review,not_started,not_started,not_started,not_started,,,
total-war,68,821ad4edc5fa34917046611837704caaef3852b4b0f130d29b1ef3024502b5bb,needs_review,not_started,not_started,not_started,not_started,,,
total-war,69,821ad4edc5fa34917046611837704caaef3852b4b0f130d29b1ef3024502b5bb,needs_review,not_started,not_started,not_started,not_started,,,
total-war,70,821ad4edc5fa34917046611837704caaef3852b4b0f130d29b1ef3024502b5bb,needs_recovery,not_started,not_started,not_started,not_started,,,
total-war,71,821ad4edc5fa34917046611837704caaef3852b4b0f130d29b1ef3024502b5bb,needs_review,not_started,not_started,not_started,not_started,,,
total-war,72,821ad4edc5fa34917046611837704caaef3852b4b0f130d29b1ef3024502b5bb,needs_review,not_started,not_started,not_started,not_started,,,
total-war,73,821ad4edc5fa34917046611837704caaef3852b4b0f130d29b1ef3024502b5bb,needs_review,not_started,not_started,not_started,not_started,,,
total-war,74,821ad4edc5fa34917046611837704caaef3852b4b0f130d29b1ef3024502b5bb,needs_review,not_started,not_started,not_started,not_started,,,
total-war,75,821ad4edc5fa34917046611837704caaef3852b4b0f130d29b1ef3024502b5bb,needs_review,not_started,not_started,not_started,not_started,,,
total-war,76,821ad4edc5fa34917046611837704caaef3852b4b0f130d29b1ef3024502b5bb,needs_review,not_started,not_started,not_started,not_started,,,
total-war,77,821ad4edc5fa34917046611837704caaef3852b4b0f130d29b1ef3024502b5bb,needs_review,not_started,not_started,not_started,not_started,,,
total-war,78,821ad4edc5fa34917046611837704caaef3852b4b0f130d29b1ef3024502b5bb,needs_recovery,not_started,not_started,not_started,not_started,,,
total-war,79,821ad4edc5fa34917046611837704caaef3852b4b0f130d29b1ef3024502b5bb,needs_review,not_started,not_started,not_started,not_started,,,
total-war,80,821ad4edc5fa34917046611837704caaef3852b4b0f130d29b1ef3024502b5bb,needs_review,not_started,not_started,not_started,not_started,,,
total-war,81,821ad4edc5fa34917046611837704caaef3852b4b0f130d29b1ef3024502b5bb,needs_review,not_started,not_started,not_started,not_started,,,
total-war,82,821ad4edc5fa34917046611837704caaef3852b4b0f130d29b1ef3024502b5bb,needs_review,not_started,not_started,not_started,not_started,,,
total-war,83,821ad4edc5fa34917046611837704caaef3852b4b0f130d29b1ef3024502b5bb,needs_review,not_started,not_started,not_started,not_started,,,
total-war,84,821ad4edc5fa34917046611837704caaef3852b4b0f130d29b1ef3024502b5bb,needs_review,not_started,not_started,not_started,not_started,,,
total-war,85,821ad4edc5fa34917046611837704caaef3852b4b0f130d29b1ef3024502b5bb,needs_review,not_started,not_started,not_started,not_started,,,
total-war,86,821ad4edc5fa34917046611837704caaef3852b4b0f130d29b1ef3024502b5bb,needs_review,not_started,not_started,not_started,not_started,,,
total-war,87,821ad4edc5fa34917046611837704caaef3852b4b0f130d29b1ef3024502b5bb,needs_review,not_started,not_started,not_started,not_started,,,
total-war,88,821ad4edc5fa34917046611837704caaef3852b4b0f130d29b1ef3024502b5bb,needs_review,not_started,not_started,not_started,not_started,,,
total-war,89,821ad4edc5fa34917046611837704caaef3852b4b0f130d29b1ef3024502b5bb,needs_review,not_started,not_started,not_started,not_started,,,
total-war,90,821ad4edc5fa34917046611837704caaef3852b4b0f130d29b1ef3024502b5bb,needs_review,not_started,not_started,not_started,not_started,,,
total-war,91,821ad4edc5fa34917046611837704caaef3852b4b0f130d29b1ef3024502b5bb,needs_review,not_started,not_started,not_started,not_started,,,
total-war,92,821ad4edc5fa34917046611837704caaef3852b4b0f130d29b1ef3024502b5bb,needs_review,not_started,not_started,not_started,not_started,,,
total-war,93,821ad4edc5fa34917046611837704caaef3852b4b0f130d29b1ef3024502b5bb,needs_review,not_started,not_started,not_started,not_started,,,
total-war,94,821ad4edc5fa34917046611837704caaef3852b4b0f130d29b1ef3024502b5bb,needs_review,not_started,not_started,not_started,not_started,,,
total-war,95,821ad4edc5fa34917046611837704caaef3852b4b0f130d29b1ef3024502b5bb,needs_review,not_started,not_started,not_started,not_started,,,
total-war,96,821ad4edc5fa34917046611837704caaef3852b4b0f130d29b1ef3024502b5bb,needs_review,not_started,not_started,not_started,not_started,,,
total-war,97,821ad4edc5fa34917046611837704caaef3852b4b0f130d29b1ef3024502b5bb,needs_review,not_started,not_started,not_started,not_started,,,
total-war,98,821ad4edc5fa34917046611837704caaef3852b4b0f130d29b1ef3024502b5bb,needs_review,not_started,not_started,not_started,not_started,,,
total-war,99,821ad4edc5fa34917046611837704caaef3852b4b0f130d29b1ef3024502b5bb,needs_review,not_started,not_started,not_started,not_started,,,
total-war,100,821ad4edc5fa34917046611837704caaef3852b4b0f130d29b1ef3024502b5bb,needs_review,not_started,not_started,not_started,not_started,,,
total-war,101,821ad4edc5fa34917046611837704caaef3852b4b0f130d29b1ef3024502b5bb,needs_review,not_started,not_started,not_started,not_started,,,
total-war,102,821ad4edc5fa34917046611837704caaef3852b4b0f130d29b1ef3024502b5bb,needs_review,not_started,not_started,not_started,not_started,,,
total-war,103,821ad4edc5fa34917046611837704caaef3852b4b0f130d29b1ef3024502b5bb,needs_review,not_started,not_started,not_started,not_started,,,
total-war,104,821ad4edc5fa34917046611837704caaef3852b4b0f130d29b1ef3024502b5bb,needs_review,not_started,not_started,not_started,not_started,,,
total-war,105,821ad4edc5fa34917046611837704caaef3852b4b0f130d29b1ef3024502b5bb,needs_review,not_started,not_started,not_started,not_started,,,
total-war,106,821ad4edc5fa34917046611837704caaef3852b4b0f130d29b1ef3024502b5bb,needs_review,not_started,not_started,not_started,not_started,,,
total-war,107,821ad4edc5fa34917046611837704caaef3852b4b0f130d29b1ef3024502b5bb,needs_review,not_started,not_started,not_started,not_started,,,
total-war,108,821ad4edc5fa34917046611837704caaef3852b4b0f130d29b1ef3024502b5bb,needs_review,not_started,not_started,not_started,not_started,,,
total-war,109,821ad4edc5fa34917046611837704caaef3852b4b0f130d29b1ef3024502b5bb,needs_review,not_started,not_started,not_started,not_started,,,
total-war,110,821ad4edc5fa34917046611837704caaef3852b4b0f130d29b1ef3024502b5bb,needs_review,not_started,not_started,not_started,not_started,,,
total-war,111,821ad4edc5fa34917046611837704caaef3852b4b0f130d29b1ef3024502b5bb,needs_review,not_started,not_started,not_started,not_started,,,
total-war,112,821ad4edc5fa34917046611837704caaef3852b4b0f130d29b1ef3024502b5bb,needs_review,not_started,not_started,not_started,not_started,,,
total-war,113,821ad4edc5fa34917046611837704caaef3852b4b0f130d29b1ef3024502b5bb,needs_review,not_started,not_started,not_started,not_started,,,
total-war,114,821ad4edc5fa34917046611837704caaef3852b4b0f130d29b1ef3024502b5bb,needs_review,not_started,not_started,not_started,not_started,,,
total-war,115,821ad4edc5fa34917046611837704caaef3852b4b0f130d29b1ef3024502b5bb,needs_recovery,not_started,not_started,not_started,not_started,,,
total-war,116,821ad4edc5fa34917046611837704caaef3852b4b0f130d29b1ef3024502b5bb,needs_review,not_started,not_started,not_started,not_started,,,
total-war,117,821ad4edc5fa34917046611837704caaef3852b4b0f130d29b1ef3024502b5bb,needs_recovery,not_started,not_started,not_started,not_started,,,
total-war,118,821ad4edc5fa34917046611837704caaef3852b4b0f130d29b1ef3024502b5bb,needs_review,not_started,not_started,not_started,not_started,,,
total-war,119,821ad4edc5fa34917046611837704caaef3852b4b0f130d29b1ef3024502b5bb,needs_review,not_started,not_started,not_started,not_started,,,
total-war,120,821ad4edc5fa34917046611837704caaef3852b4b0f130d29b1ef3024502b5bb,needs_review,not_started,not_started,not_started,not_started,,,
total-war,121,821ad4edc5fa34917046611837704caaef3852b4b0f130d29b1ef3024502b5bb,needs_review,not_started,not_started,not_started,not_started,,,
total-war,122,821ad4edc5fa34917046611837704caaef3852b4b0f130d29b1ef3024502b5bb,needs_review,not_started,not_started,not_started,not_started,,,
total-war,123,821ad4edc5fa34917046611837704caaef3852b4b0f130d29b1ef3024502b5bb,needs_review,not_started,not_started,not_started,not_started,,,
total-war,124,821ad4edc5fa34917046611837704caaef3852b4b0f130d29b1ef3024502b5bb,needs_review,not_started,not_started,not_started,not_started,,,
total-war,125,821ad4edc5fa34917046611837704caaef3852b4b0f130d29b1ef3024502b5bb,needs_recovery,not_started,not_started,not_started,not_started,,,
total-war,126,821ad4edc5fa34917046611837704caaef3852b4b0f130d29b1ef3024502b5bb,needs_review,not_started,not_started,not_started,not_started,,,
total-war,127,821ad4edc5fa34917046611837704caaef3852b4b0f130d29b1ef3024502b5bb,needs_review,not_started,not_started,not_started,not_started,,,
total-war,128,821ad4edc5fa34917046611837704caaef3852b4b0f130d29b1ef3024502b5bb,needs_review,not_started,not_started,not_started,not_started,,,
total-war,129,821ad4edc5fa34917046611837704caaef3852b4b0f130d29b1ef3024502b5bb,needs_review,not_started,not_started,not_started,not_started,,,
total-war,130,821ad4edc5fa34917046611837704caaef3852b4b0f130d29b1ef3024502b5bb,needs_review,not_started,not_started,not_started,not_started,,,
total-war,131,821ad4edc5fa34917046611837704caaef3852b4b0f130d29b1ef3024502b5bb,needs_recovery,not_started,not_started,not_started,not_started,,,
total-war,132,821ad4edc5fa34917046611837704caaef3852b4b0f130d29b1ef3024502b5bb,needs_review,not_started,not_started,not_started,not_started,,,
total-war,133,821ad4edc5fa34917046611837704caaef3852b4b0f130d29b1ef3024502b5bb,needs_review,not_started,not_started,not_started,not_started,,,
total-war,134,821ad4edc5fa34917046611837704caaef3852b4b0f130d29b1ef3024502b5bb,needs_review,not_started,not_started,not_started,not_started,,,
total-war,135,821ad4edc5fa34917046611837704caaef3852b4b0f130d29b1ef3024502b5bb,needs_recovery,not_started,not_started,not_started,not_started,,,
total-war,136,821ad4edc5fa34917046611837704caaef3852b4b0f130d29b1ef3024502b5bb,needs_review,not_started,not_started,not_started,not_started,,,
total-war,137,821ad4edc5fa34917046611837704caaef3852b4b0f130d29b1ef3024502b5bb,needs_review,not_started,not_started,not_started,not_started,,,
total-war,138,821ad4edc5fa34917046611837704caaef3852b4b0f130d29b1ef3024502b5bb,needs_review,not_started,not_started,not_started,not_started,,,
total-war,139,821ad4edc5fa34917046611837704caaef3852b4b0f130d29b1ef3024502b5bb,needs_review,not_started,not_started,not_started,not_started,,,
total-war,140,821ad4edc5fa34917046611837704caaef3852b4b0f130d29b1ef3024502b5bb,needs_review,not_started,not_started,not_started,not_started,,,
total-war,141,821ad4edc5fa34917046611837704caaef3852b4b0f130d29b1ef3024502b5bb,needs_review,not_started,not_started,not_started,not_started,,,
total-war,142,821ad4edc5fa34917046611837704caaef3852b4b0f130d29b1ef3024502b5bb,needs_review,not_started,not_started,not_started,not_started,,,
total-war,143,821ad4edc5fa34917046611837704caaef3852b4b0f130d29b1ef3024502b5bb,needs_review,not_started,not_started,not_started,not_started,,,
total-war,144,821ad4edc5fa34917046611837704caaef3852b4b0f130d29b1ef3024502b5bb,needs_review,not_started,not_started,not_started,not_started,,,
total-war,145,821ad4edc5fa34917046611837704caaef3852b4b0f130d29b1ef3024502b5bb,needs_review,not_started,not_started,not_started,not_started,,,
total-war,146,821ad4edc5fa34917046611837704caaef3852b4b0f130d29b1ef3024502b5bb,needs_review,not_started,not_started,not_started,not_started,,,
total-war,147,821ad4edc5fa34917046611837704caaef3852b4b0f130d29b1ef3024502b5bb,needs_recovery,not_started,not_started,not_started,not_started,,,
total-war,148,821ad4edc5fa34917046611837704caaef3852b4b0f130d29b1ef3024502b5bb,needs_review,not_started,not_started,not_started,not_started,,,
total-war,149,821ad4edc5fa34917046611837704caaef3852b4b0f130d29b1ef3024502b5bb,needs_review,not_started,not_started,not_started,not_started,,,
total-war,150,821ad4edc5fa34917046611837704caaef3852b4b0f130d29b1ef3024502b5bb,needs_review,not_started,not_started,not_started,not_started,,,
total-war,151,821ad4edc5fa34917046611837704caaef3852b4b0f130d29b1ef3024502b5bb,needs_recovery,not_started,not_started,not_started,not_started,,,
total-war,152,821ad4edc5fa34917046611837704caaef3852b4b0f130d29b1ef3024502b5bb,needs_review,not_started,not_started,not_started,not_started,,,
total-war,153,821ad4edc5fa34917046611837704caaef3852b4b0f130d29b1ef3024502b5bb,needs_review,not_started,not_started,not_started,not_started,,,
total-war,154,821ad4edc5fa34917046611837704caaef3852b4b0f130d29b1ef3024502b5bb,needs_review,not_started,not_started,not_started,not_started,,,
total-war,155,821ad4edc5fa34917046611837704caaef3852b4b0f130d29b1ef3024502b5bb,needs_review,not_started,not_started,not_started,not_started,,,
total-war,156,821ad4edc5fa34917046611837704caaef3852b4b0f130d29b1ef3024502b5bb,needs_review,not_started,not_started,not_started,not_started,,,
total-war,157,821ad4edc5fa34917046611837704caaef3852b4b0f130d29b1ef3024502b5bb,needs_review,not_started,not_started,not_started,not_started,,,
total-war,158,821ad4edc5fa34917046611837704caaef3852b4b0f130d29b1ef3024502b5bb,needs_review,not_started,not_started,not_started,not_started,,,
total-war,159,821ad4edc5fa34917046611837704caaef3852b4b0f130d29b1ef3024502b5bb,needs_review,not_started,not_started,not_started,not_started,,,
total-war,160,821ad4edc5fa34917046611837704caaef3852b4b0f130d29b1ef3024502b5bb,needs_review,not_started,not_started,not_started,not_started,,,
